index,celltype,n_genes,batch,n_counts
CD141_P10_S73-batch1,CD141,5704,batch1,17095.873
CD141_P10_S74-batch1,CD141,4691,batch1,15506.253
CD141_P10_S75-batch1,CD141,5737,batch1,16808.633
CD141_P10_S76-batch1,CD141,4088,batch1,13958.194
CD141_P10_S77-batch1,CD141,5992,batch1,17185.256
CD141_P10_S78-batch1,CD141,6574,batch1,19044.672
CD141_P10_S79-batch1,CD141,6173,batch1,15728.006
CD141_P10_S80-batch1,CD141,6738,batch1,16261.884
CD141_P10_S81-batch1,CD141,6532,batch1,16501.18
CD141_P10_S82-batch1,CD141,6274,batch1,17724.988
CD141_P10_S83-batch1,CD141,4114,batch1,10096.215
CD141_P10_S84-batch1,CD141,5854,batch1,17326.656
CD141_P10_S85-batch1,CD141,6034,batch1,16809.285
CD141_P10_S86-batch1,CD141,4943,batch1,13980.115
CD141_P10_S87-batch1,CD141,5613,batch1,15327.238
CD141_P10_S88-batch1,CD141,6122,batch1,15748.651
CD141_P10_S89-batch1,CD141,6570,batch1,17527.326
CD141_P10_S90-batch1,CD141,6967,batch1,18998.602
CD141_P10_S91-batch1,CD141,6563,batch1,16474.684
CD141_P10_S92-batch1,CD141,6748,batch1,16964.818
CD141_P10_S93-batch1,CD141,6040,batch1,15425.799
CD141_P10_S94-batch1,CD141,6496,batch1,16582.152
CD141_P10_S95-batch1,CD141,7078,batch1,17324.768
CD141_P10_S96-batch1,CD141,6231,batch1,14826.226
CD141_P7_S10-batch1,CD141,6292,batch1,19164.729
CD141_P7_S11-batch1,CD141,5498,batch1,17475.549
CD141_P7_S12-batch1,CD141,6679,batch1,19134.74
CD141_P7_S13-batch1,CD141,5720,batch1,18707.05
CD141_P7_S14-batch1,CD141,6221,batch1,18517.064
CD141_P7_S15-batch1,CD141,6798,batch1,18744.193
CD141_P7_S16-batch1,CD141,6754,batch1,19019.645
CD141_P7_S17-batch1,CD141,10093,batch1,25032.336
CD141_P7_S18-batch1,CD141,6999,batch1,20932.488
CD141_P7_S19-batch1,CD141,6071,batch1,18479.557
CD141_P7_S1-batch1,CD141,5690,batch1,18601.4
CD141_P7_S20-batch1,CD141,6143,batch1,17627.922
CD141_P7_S21-batch1,CD141,7178,batch1,19144.703
CD141_P7_S22-batch1,CD141,6647,batch1,20235.338
CD141_P7_S23-batch1,CD141,6766,batch1,18885.754
CD141_P7_S24-batch1,CD141,7004,batch1,17462.555
CD141_P7_S2-batch1,CD141,6498,batch1,17585.613
CD141_P7_S3-batch1,CD141,6524,batch1,18803.3
CD141_P7_S4-batch1,CD141,6642,batch1,19021.342
CD141_P7_S5-batch1,CD141,8163,batch1,22525.85
CD141_P7_S6-batch1,CD141,6774,batch1,19192.082
CD141_P7_S7-batch1,CD141,6854,batch1,20473.586
CD141_P7_S8-batch1,CD141,7043,batch1,21072.492
CD141_P7_S9-batch1,CD141,6265,batch1,19745.637
CD141_P8_S25-batch1,CD141,5519,batch1,17765.184
CD141_P8_S26-batch1,CD141,5331,batch1,17708.371
CD141_P8_S27-batch1,CD141,5427,batch1,17924.02
CD141_P8_S28-batch1,CD141,6695,batch1,17559.387
CD141_P8_S30-batch1,CD141,6666,batch1,20482.004
CD141_P8_S31-batch1,CD141,6515,batch1,18740.713
CD141_P8_S32-batch1,CD141,5137,batch1,17903.06
CD141_P8_S33-batch1,CD141,4605,batch1,16587.453
CD141_P8_S34-batch1,CD141,5414,batch1,16988.188
CD141_P8_S35-batch1,CD141,5673,batch1,17842.215
CD141_P8_S36-batch1,CD141,5438,batch1,17277.176
CD141_P8_S37-batch1,CD141,6483,batch1,20885.43
CD141_P8_S38-batch1,CD141,5820,batch1,19317.025
CD141_P8_S39-batch1,CD141,5316,batch1,17872.146
CD141_P8_S40-batch1,CD141,5023,batch1,18165.848
CD141_P8_S42-batch1,CD141,5473,batch1,18404.518
CD141_P8_S43-batch1,CD141,5363,batch1,17518.826
CD141_P8_S44-batch1,CD141,5408,batch1,18161.803
CD141_P8_S45-batch1,CD141,6035,batch1,20528.436
CD141_P8_S46-batch1,CD141,6226,batch1,18542.754
CD141_P8_S47-batch1,CD141,5522,batch1,17322.73
CD141_P8_S48-batch1,CD141,4860,batch1,17436.496
CD141_P9_S49-batch1,CD141,6621,batch1,18107.025
CD141_P9_S50-batch1,CD141,6405,batch1,17099.586
CD141_P9_S51-batch1,CD141,6258,batch1,17472.887
CD141_P9_S52-batch1,CD141,6018,batch1,16301.268
CD141_P9_S53-batch1,CD141,5997,batch1,16945.367
CD141_P9_S54-batch1,CD141,5634,batch1,17616.004
CD141_P9_S55-batch1,CD141,5847,batch1,17115.121
CD141_P9_S56-batch1,CD141,5054,batch1,16189.555
CD141_P9_S57-batch1,CD141,6134,batch1,16615.414
CD141_P9_S58-batch1,CD141,5955,batch1,16956.531
CD141_P9_S59-batch1,CD141,6352,batch1,17588.627
CD141_P9_S60-batch1,CD141,376,batch1,2767.7896
CD141_P9_S61-batch1,CD141,6297,batch1,17020.51
CD141_P9_S62-batch1,CD141,6254,batch1,17269.723
CD141_P9_S63-batch1,CD141,6635,batch1,17368.61
CD141_P9_S64-batch1,CD141,6323,batch1,16154.547
CD141_P9_S65-batch1,CD141,6327,batch1,16309.588
CD141_P9_S66-batch1,CD141,2576,batch1,12069.673
CD141_P9_S67-batch1,CD141,5950,batch1,16938.836
CD141_P9_S68-batch1,CD141,5772,batch1,16844.438
CD141_P9_S69-batch1,CD141,6142,batch1,17829.902
CD141_P9_S70-batch1,CD141,6214,batch1,17106.15
CD141_P9_S71-batch1,CD141,5513,batch1,15966.969
CD141_P9_S72-batch1,CD141,5271,batch1,14412.571
pDC_P10_S73-batch1,pDC,6793,batch1,19120.902
pDC_P10_S74-batch1,pDC,6478,batch1,17724.26
pDC_P10_S75-batch1,pDC,6382,batch1,17018.168
pDC_P10_S76-batch1,pDC,6293,batch1,17721.602
pDC_P10_S77-batch1,pDC,6713,batch1,18035.742
pDC_P10_S78-batch1,pDC,6058,batch1,17143.863
pDC_P10_S79-batch1,pDC,6333,batch1,17175.086
pDC_P10_S80-batch1,pDC,6320,batch1,16457.133
pDC_P10_S81-batch1,pDC,6409,batch1,17281.6
pDC_P10_S82-batch1,pDC,6192,batch1,16685.887
pDC_P10_S83-batch1,pDC,6352,batch1,16742.541
pDC_P10_S84-batch1,pDC,6025,batch1,15791.424
pDC_P10_S85-batch1,pDC,5154,batch1,16719.504
pDC_P10_S86-batch1,pDC,5477,batch1,16542.994
pDC_P10_S87-batch1,pDC,6295,batch1,17427.848
pDC_P10_S88-batch1,pDC,6591,batch1,17459.309
pDC_P10_S89-batch1,pDC,4870,batch1,16448.951
pDC_P10_S90-batch1,pDC,5886,batch1,17641.803
pDC_P10_S91-batch1,pDC,6133,batch1,17402.281
pDC_P10_S92-batch1,pDC,6506,batch1,16836.332
pDC_P10_S93-batch1,pDC,6983,batch1,18086.016
pDC_P10_S94-batch1,pDC,5624,batch1,16391.834
pDC_P10_S95-batch1,pDC,5794,batch1,17083.04
pDC_P10_S96-batch1,pDC,4234,batch1,9228.328
pDC_P7_S10-batch1,pDC,6109,batch1,18682.707
pDC_P7_S11-batch1,pDC,6011,batch1,18082.387
pDC_P7_S12-batch1,pDC,7092,batch1,19182.059
pDC_P7_S13-batch1,pDC,5305,batch1,18770.795
pDC_P7_S14-batch1,pDC,6781,batch1,19566.39
pDC_P7_S15-batch1,pDC,6678,batch1,19097.7
pDC_P7_S16-batch1,pDC,6723,batch1,18727.129
pDC_P7_S17-batch1,pDC,7768,batch1,23528.234
pDC_P7_S18-batch1,pDC,5540,batch1,19079.18
pDC_P7_S19-batch1,pDC,6258,batch1,20015.871
pDC_P7_S1-batch1,pDC,5236,batch1,18476.543
pDC_P7_S20-batch1,pDC,6416,batch1,18495.13
pDC_P7_S21-batch1,pDC,6731,batch1,19986.387
pDC_P7_S22-batch1,pDC,6208,batch1,19337.496
pDC_P7_S23-batch1,pDC,5974,batch1,18053.422
pDC_P7_S24-batch1,pDC,6802,batch1,19241.363
pDC_P7_S2-batch1,pDC,6214,batch1,19834.303
pDC_P7_S3-batch1,pDC,6375,batch1,19431.922
pDC_P7_S4-batch1,pDC,6715,batch1,18972.367
pDC_P7_S5-batch1,pDC,8079,batch1,23537.342
pDC_P7_S6-batch1,pDC,6516,batch1,19922.648
pDC_P7_S7-batch1,pDC,5913,batch1,19658.375
pDC_P7_S8-batch1,pDC,6556,batch1,18313.426
pDC_P7_S9-batch1,pDC,6973,batch1,18017.453
pDC_P8_S25-batch1,pDC,6299,batch1,19134.268
pDC_P8_S26-batch1,pDC,5897,batch1,19019.873
pDC_P8_S27-batch1,pDC,5719,batch1,17969.379
pDC_P8_S28-batch1,pDC,5999,batch1,18494.133
pDC_P8_S30-batch1,pDC,5334,batch1,17222.898
pDC_P8_S31-batch1,pDC,5974,batch1,17117.363
pDC_P8_S32-batch1,pDC,5548,batch1,19144.25
pDC_P8_S33-batch1,pDC,4524,batch1,17671.656
pDC_P8_S34-batch1,pDC,5367,batch1,17350.324
pDC_P8_S35-batch1,pDC,5105,batch1,17566.387
pDC_P8_S36-batch1,pDC,4546,batch1,17521.475
pDC_P8_S37-batch1,pDC,5554,batch1,19842.207
pDC_P8_S38-batch1,pDC,5462,batch1,19960.809
pDC_P8_S39-batch1,pDC,5188,batch1,17944.512
pDC_P8_S40-batch1,pDC,5457,batch1,17560.355
pDC_P8_S42-batch1,pDC,5457,batch1,18532.086
pDC_P8_S43-batch1,pDC,1436,batch1,7688.3335
pDC_P8_S44-batch1,pDC,4427,batch1,17954.846
pDC_P8_S45-batch1,pDC,3832,batch1,16197.252
pDC_P8_S46-batch1,pDC,5004,batch1,18393.59
pDC_P8_S47-batch1,pDC,4574,batch1,17951.617
pDC_P8_S48-batch1,pDC,4741,batch1,17605.438
pDC_P9_S49-batch1,pDC,6388,batch1,17227.145
pDC_P9_S50-batch1,pDC,6459,batch1,17605.783
pDC_P9_S51-batch1,pDC,5900,batch1,17409.965
pDC_P9_S52-batch1,pDC,6158,batch1,16108.582
pDC_P9_S53-batch1,pDC,5367,batch1,13385.109
pDC_P9_S54-batch1,pDC,5750,batch1,15986.714
pDC_P9_S55-batch1,pDC,5200,batch1,14982.353
pDC_P9_S56-batch1,pDC,5035,batch1,15359.992
pDC_P9_S57-batch1,pDC,5441,batch1,16881.969
pDC_P9_S58-batch1,pDC,5234,batch1,16557.44
pDC_P9_S59-batch1,pDC,6164,batch1,16213.262
pDC_P9_S60-batch1,pDC,5785,batch1,15890.676
pDC_P9_S61-batch1,pDC,6292,batch1,17002.008
pDC_P9_S62-batch1,pDC,4262,batch1,12175.134
pDC_P9_S63-batch1,pDC,6125,batch1,17372.672
pDC_P9_S64-batch1,pDC,4911,batch1,15549.993
pDC_P9_S65-batch1,pDC,6181,batch1,17172.945
pDC_P9_S66-batch1,pDC,5806,batch1,17091.809
pDC_P9_S67-batch1,pDC,5828,batch1,17582.48
pDC_P9_S68-batch1,pDC,5695,batch1,16809.43
pDC_P9_S69-batch1,pDC,5530,batch1,17261.88
pDC_P9_S70-batch1,pDC,5112,batch1,14474.99
pDC_P9_S71-batch1,pDC,5374,batch1,17409.848
pDC_P9_S72-batch1,pDC,5833,batch1,16752.262
DoubleNeg_P10_S73-batch1,DoubleNeg,5914,batch1,15503.084
DoubleNeg_P10_S74-batch1,DoubleNeg,6203,batch1,17194.639
DoubleNeg_P10_S75-batch1,DoubleNeg,6229,batch1,15285.357
DoubleNeg_P10_S76-batch1,DoubleNeg,6057,batch1,15182.235
DoubleNeg_P10_S77-batch1,DoubleNeg,6547,batch1,16825.703
DoubleNeg_P10_S78-batch1,DoubleNeg,5394,batch1,15766.709
DoubleNeg_P10_S79-batch1,DoubleNeg,5672,batch1,11119.726
DoubleNeg_P10_S80-batch1,DoubleNeg,6741,batch1,17444.506
DoubleNeg_P10_S81-batch1,DoubleNeg,6538,batch1,18044.123
DoubleNeg_P10_S82-batch1,DoubleNeg,6628,batch1,16417.355
DoubleNeg_P10_S83-batch1,DoubleNeg,6449,batch1,17254.637
DoubleNeg_P10_S84-batch1,DoubleNeg,6879,batch1,16346.494
DoubleNeg_P10_S85-batch1,DoubleNeg,5227,batch1,15051.797
DoubleNeg_P10_S86-batch1,DoubleNeg,5919,batch1,16332.968
DoubleNeg_P10_S87-batch1,DoubleNeg,6290,batch1,16971.734
DoubleNeg_P10_S88-batch1,DoubleNeg,6009,batch1,16043.51
DoubleNeg_P10_S89-batch1,DoubleNeg,5783,batch1,16807.074
DoubleNeg_P10_S90-batch1,DoubleNeg,4398,batch1,6645.3623
DoubleNeg_P10_S91-batch1,DoubleNeg,4809,batch1,14769.294
DoubleNeg_P10_S92-batch1,DoubleNeg,5034,batch1,8918.361
DoubleNeg_P10_S93-batch1,DoubleNeg,6044,batch1,17049.383
DoubleNeg_P10_S94-batch1,DoubleNeg,6215,batch1,15112.582
DoubleNeg_P10_S95-batch1,DoubleNeg,5823,batch1,16052.391
DoubleNeg_P10_S96-batch1,DoubleNeg,5389,batch1,14025.336
DoubleNeg_P7_S10-batch1,DoubleNeg,6433,batch1,18571.578
DoubleNeg_P7_S11-batch1,DoubleNeg,6864,batch1,17839.85
DoubleNeg_P7_S12-batch1,DoubleNeg,6949,batch1,18484.125
DoubleNeg_P7_S13-batch1,DoubleNeg,5706,batch1,18249.762
DoubleNeg_P7_S14-batch1,DoubleNeg,7423,batch1,19314.734
DoubleNeg_P7_S15-batch1,DoubleNeg,6574,batch1,18996.72
DoubleNeg_P7_S16-batch1,DoubleNeg,6321,batch1,17416.084
DoubleNeg_P7_S17-batch1,DoubleNeg,7607,batch1,20786.594
DoubleNeg_P7_S18-batch1,DoubleNeg,6561,batch1,18608.43
DoubleNeg_P7_S19-batch1,DoubleNeg,6348,batch1,18654.176
DoubleNeg_P7_S1-batch1,DoubleNeg,4950,batch1,18003.062
DoubleNeg_P7_S20-batch1,DoubleNeg,6363,batch1,17869.543
DoubleNeg_P7_S21-batch1,DoubleNeg,6775,batch1,18235.914
DoubleNeg_P7_S22-batch1,DoubleNeg,7691,batch1,18802.74
DoubleNeg_P7_S23-batch1,DoubleNeg,5812,batch1,17630.105
DoubleNeg_P7_S24-batch1,DoubleNeg,6332,batch1,10224.296
DoubleNeg_P7_S2-batch1,DoubleNeg,6616,batch1,18624.14
DoubleNeg_P7_S3-batch1,DoubleNeg,6654,batch1,19160.66
DoubleNeg_P7_S4-batch1,DoubleNeg,7017,batch1,19013.92
DoubleNeg_P7_S5-batch1,DoubleNeg,7701,batch1,22324.604
DoubleNeg_P7_S6-batch1,DoubleNeg,6556,batch1,18079.88
DoubleNeg_P7_S7-batch1,DoubleNeg,6255,batch1,18343.857
DoubleNeg_P7_S8-batch1,DoubleNeg,6198,batch1,17127.312
DoubleNeg_P7_S9-batch1,DoubleNeg,6914,batch1,18581.152
DoubleNeg_P8_S25-batch1,DoubleNeg,5551,batch1,17364.479
DoubleNeg_P8_S26-batch1,DoubleNeg,6536,batch1,18880.979
DoubleNeg_P8_S27-batch1,DoubleNeg,5627,batch1,18124.52
DoubleNeg_P8_S28-batch1,DoubleNeg,5012,batch1,17167.3
DoubleNeg_P8_S30-batch1,DoubleNeg,4725,batch1,16776.121
DoubleNeg_P8_S31-batch1,DoubleNeg,4631,batch1,15657.104
DoubleNeg_P8_S32-batch1,DoubleNeg,5933,batch1,17133.771
DoubleNeg_P8_S33-batch1,DoubleNeg,4489,batch1,17060.09
DoubleNeg_P8_S34-batch1,DoubleNeg,4632,batch1,16758.057
DoubleNeg_P8_S35-batch1,DoubleNeg,4522,batch1,17358.309
DoubleNeg_P8_S36-batch1,DoubleNeg,6048,batch1,17227.582
DoubleNeg_P8_S37-batch1,DoubleNeg,6199,batch1,19047.633
DoubleNeg_P8_S38-batch1,DoubleNeg,6427,batch1,17933.125
DoubleNeg_P8_S39-batch1,DoubleNeg,4334,batch1,17012.73
DoubleNeg_P8_S40-batch1,DoubleNeg,5500,batch1,17584.652
DoubleNeg_P8_S42-batch1,DoubleNeg,4443,batch1,17044.059
DoubleNeg_P8_S43-batch1,DoubleNeg,5999,batch1,16277.691
DoubleNeg_P8_S44-batch1,DoubleNeg,4937,batch1,17044.059
DoubleNeg_P8_S45-batch1,DoubleNeg,5703,batch1,17430.045
DoubleNeg_P8_S46-batch1,DoubleNeg,5280,batch1,17862.371
DoubleNeg_P8_S47-batch1,DoubleNeg,5598,batch1,18195.176
DoubleNeg_P8_S48-batch1,DoubleNeg,5881,batch1,16779.295
DoubleNeg_P9_S49-batch1,DoubleNeg,5407,batch1,15968.457
DoubleNeg_P9_S50-batch1,DoubleNeg,5143,batch1,15974.479
DoubleNeg_P9_S51-batch1,DoubleNeg,5671,batch1,15333.82
DoubleNeg_P9_S52-batch1,DoubleNeg,4653,batch1,15438.229
DoubleNeg_P9_S53-batch1,DoubleNeg,796,batch1,4831.2715
DoubleNeg_P9_S54-batch1,DoubleNeg,4398,batch1,14517.13
DoubleNeg_P9_S55-batch1,DoubleNeg,6075,batch1,17381.441
DoubleNeg_P9_S56-batch1,DoubleNeg,5455,batch1,16687.553
DoubleNeg_P9_S57-batch1,DoubleNeg,4508,batch1,6898.533
DoubleNeg_P9_S58-batch1,DoubleNeg,4881,batch1,14975.4375
DoubleNeg_P9_S59-batch1,DoubleNeg,6226,batch1,17417.693
DoubleNeg_P9_S60-batch1,DoubleNeg,5202,batch1,15509.307
DoubleNeg_P9_S61-batch1,DoubleNeg,5083,batch1,16854.258
DoubleNeg_P9_S62-batch1,DoubleNeg,647,batch1,4428.0244
DoubleNeg_P9_S63-batch1,DoubleNeg,5381,batch1,15977.66
DoubleNeg_P9_S64-batch1,DoubleNeg,4508,batch1,16713.375
DoubleNeg_P9_S65-batch1,DoubleNeg,4226,batch1,14449.483
DoubleNeg_P9_S66-batch1,DoubleNeg,4910,batch1,16122.116
DoubleNeg_P9_S67-batch1,DoubleNeg,4971,batch1,15844.574
DoubleNeg_P9_S68-batch1,DoubleNeg,5575,batch1,16583.744
DoubleNeg_P9_S69-batch1,DoubleNeg,4456,batch1,15349.893
DoubleNeg_P9_S70-batch1,DoubleNeg,4481,batch1,15721.533
DoubleNeg_P9_S71-batch1,DoubleNeg,5197,batch1,15516.097
DoubleNeg_P9_S72-batch1,DoubleNeg,4678,batch1,14396.515
pDC_P13_S49-batch2,pDC,4729,batch2,15541.579
pDC_P13_S50-batch2,pDC,4555,batch2,14797.576
pDC_P13_S51-batch2,pDC,4658,batch2,15512.914
pDC_P13_S52-batch2,pDC,4520,batch2,15958.326
pDC_P13_S53-batch2,pDC,4989,batch2,16474.887
pDC_P13_S54-batch2,pDC,3668,batch2,14537.297
pDC_P13_S55-batch2,pDC,4351,batch2,14482.408
pDC_P13_S56-batch2,pDC,4208,batch2,13253.361
pDC_P13_S57-batch2,pDC,3948,batch2,12017.746
pDC_P13_S58-batch2,pDC,4388,batch2,15184.375
pDC_P13_S59-batch2,pDC,4928,batch2,16054.073
pDC_P13_S60-batch2,pDC,4799,batch2,14558.221
pDC_P13_S61-batch2,pDC,4176,batch2,14745.297
pDC_P13_S62-batch2,pDC,4202,batch2,14397.536
pDC_P13_S63-batch2,pDC,4866,batch2,16189.703
pDC_P13_S64-batch2,pDC,4468,batch2,14854.831
pDC_P13_S65-batch2,pDC,4602,batch2,15243.241
pDC_P13_S66-batch2,pDC,3377,batch2,13127.222
pDC_P13_S67-batch2,pDC,3880,batch2,12989.42
pDC_P13_S68-batch2,pDC,4254,batch2,14609.213
pDC_P13_S69-batch2,pDC,4627,batch2,15542.818
pDC_P13_S70-batch2,pDC,4383,batch2,14261.347
pDC_P13_S71-batch2,pDC,5512,batch2,17389.75
pDC_P13_S72-batch2,pDC,5011,batch2,15391.367
pDC_P14_S73-batch2,pDC,4499,batch2,15716.597
pDC_P14_S74-batch2,pDC,4288,batch2,14750.757
pDC_P14_S75-batch2,pDC,4817,batch2,15761.001
pDC_P14_S76-batch2,pDC,4398,batch2,15263.783
pDC_P14_S77-batch2,pDC,4596,batch2,15944.756
pDC_P14_S78-batch2,pDC,4702,batch2,15827.456
pDC_P14_S79-batch2,pDC,4253,batch2,14701.863
pDC_P14_S80-batch2,pDC,4048,batch2,14721.839
pDC_P14_S81-batch2,pDC,4514,batch2,15418.918
pDC_P14_S82-batch2,pDC,4230,batch2,15054.713
pDC_P14_S83-batch2,pDC,4669,batch2,15393.453
pDC_P14_S84-batch2,pDC,3023,batch2,9918.299
pDC_P14_S85-batch2,pDC,4636,batch2,16422.04
pDC_P14_S86-batch2,pDC,4764,batch2,16326.715
pDC_P14_S87-batch2,pDC,4497,batch2,15979.971
pDC_P14_S88-batch2,pDC,4244,batch2,15748.889
pDC_P14_S89-batch2,pDC,4055,batch2,15411.281
pDC_P14_S90-batch2,pDC,4405,batch2,16237.13
pDC_P14_S91-batch2,pDC,3938,batch2,14362.984
pDC_P14_S92-batch2,pDC,4202,batch2,15749.559
pDC_P14_S93-batch2,pDC,4313,batch2,15612.744
pDC_P14_S94-batch2,pDC,4001,batch2,14802.43
pDC_P14_S95-batch2,pDC,4098,batch2,14924.224
pDC_P14_S96-batch2,pDC,4149,batch2,15163.713
pDC_P3_S10-batch2,pDC,3779,batch2,13657.973
pDC_P3_S11-batch2,pDC,3820,batch2,13766.092
pDC_P3_S12-batch2,pDC,4274,batch2,14586.567
pDC_P3_S13-batch2,pDC,3912,batch2,14526.947
pDC_P3_S14-batch2,pDC,3723,batch2,14506.914
pDC_P3_S15-batch2,pDC,4187,batch2,15391.773
pDC_P3_S16-batch2,pDC,3807,batch2,14102.441
pDC_P3_S17-batch2,pDC,3816,batch2,14457.936
pDC_P3_S18-batch2,pDC,3417,batch2,13465.541
pDC_P3_S19-batch2,pDC,3997,batch2,14590.101
pDC_P3_S1-batch2,pDC,3503,batch2,13326.382
pDC_P3_S20-batch2,pDC,3852,batch2,14008.161
pDC_P3_S21-batch2,pDC,3727,batch2,13975.336
pDC_P3_S22-batch2,pDC,3952,batch2,14657.566
pDC_P3_S23-batch2,pDC,3865,batch2,14028.095
pDC_P3_S24-batch2,pDC,4269,batch2,14205.648
pDC_P3_S2-batch2,pDC,4008,batch2,14390.949
pDC_P3_S3-batch2,pDC,4231,batch2,14737.843
pDC_P3_S4-batch2,pDC,3825,batch2,14423.309
pDC_P3_S5-batch2,pDC,3905,batch2,15012.255
pDC_P3_S6-batch2,pDC,3605,batch2,13913.818
pDC_P3_S7-batch2,pDC,3832,batch2,13836.974
pDC_P3_S8-batch2,pDC,4091,batch2,14986.672
pDC_P3_S9-batch2,pDC,3742,batch2,13458.299
pDC_P4_S25-batch2,pDC,3894,batch2,14130.858
pDC_P4_S26-batch2,pDC,4352,batch2,15311.212
pDC_P4_S27-batch2,pDC,3019,batch2,11942.541
pDC_P4_S28-batch2,pDC,3907,batch2,13518.134
pDC_P4_S29-batch2,pDC,4154,batch2,14939.298
pDC_P4_S30-batch2,pDC,4482,batch2,15402.854
pDC_P4_S31-batch2,pDC,4274,batch2,15173.52
pDC_P4_S32-batch2,pDC,4192,batch2,14825.955
pDC_P4_S33-batch2,pDC,4727,batch2,15984.559
pDC_P4_S34-batch2,pDC,4392,batch2,14714.917
pDC_P4_S35-batch2,pDC,4252,batch2,14737.699
pDC_P4_S36-batch2,pDC,4376,batch2,14917.666
pDC_P4_S37-batch2,pDC,3085,batch2,10511.787
pDC_P4_S38-batch2,pDC,4143,batch2,14932.065
pDC_P4_S39-batch2,pDC,2994,batch2,12657.156
pDC_P4_S40-batch2,pDC,4403,batch2,16072.105
pDC_P4_S41-batch2,pDC,4284,batch2,15478.133
pDC_P4_S42-batch2,pDC,4281,batch2,15297.427
pDC_P4_S43-batch2,pDC,1888,batch2,7233.358
pDC_P4_S44-batch2,pDC,4302,batch2,15395.3125
pDC_P4_S45-batch2,pDC,4266,batch2,15009.077
pDC_P4_S46-batch2,pDC,3755,batch2,12733.314
pDC_P4_S47-batch2,pDC,4274,batch2,14865.426
pDC_P4_S48-batch2,pDC,4135,batch2,14178.785
DoubleNeg_P13_S49-batch2,DoubleNeg,4587,batch2,13499.517
DoubleNeg_P13_S50-batch2,DoubleNeg,4726,batch2,15142.352
DoubleNeg_P13_S51-batch2,DoubleNeg,5021,batch2,16173.98
DoubleNeg_P13_S52-batch2,DoubleNeg,4811,batch2,15160.047
DoubleNeg_P13_S53-batch2,DoubleNeg,5033,batch2,15571.708
DoubleNeg_P13_S54-batch2,DoubleNeg,3822,batch2,14329.901
DoubleNeg_P13_S55-batch2,DoubleNeg,4176,batch2,11832.176
DoubleNeg_P13_S56-batch2,DoubleNeg,4767,batch2,14909.198
DoubleNeg_P13_S57-batch2,DoubleNeg,4961,batch2,15958.145
DoubleNeg_P13_S58-batch2,DoubleNeg,5039,batch2,15720.866
DoubleNeg_P13_S59-batch2,DoubleNeg,4864,batch2,15973.604
DoubleNeg_P13_S60-batch2,DoubleNeg,5075,batch2,14760.872
DoubleNeg_P13_S61-batch2,DoubleNeg,4559,batch2,12189.635
DoubleNeg_P13_S62-batch2,DoubleNeg,3905,batch2,10635.886
DoubleNeg_P13_S63-batch2,DoubleNeg,4381,batch2,13405.311
DoubleNeg_P13_S64-batch2,DoubleNeg,3083,batch2,11806.06
DoubleNeg_P13_S65-batch2,DoubleNeg,4793,batch2,14638.336
DoubleNeg_P13_S66-batch2,DoubleNeg,3445,batch2,13193.354
DoubleNeg_P13_S67-batch2,DoubleNeg,4304,batch2,14735.951
DoubleNeg_P13_S68-batch2,DoubleNeg,4204,batch2,14276.44
DoubleNeg_P13_S69-batch2,DoubleNeg,4712,batch2,14568.236
DoubleNeg_P13_S70-batch2,DoubleNeg,4702,batch2,15702.877
DoubleNeg_P13_S71-batch2,DoubleNeg,4854,batch2,15227.58
DoubleNeg_P13_S72-batch2,DoubleNeg,4903,batch2,15188.009
DoubleNeg_P14_S73-batch2,DoubleNeg,3603,batch2,14528.555
DoubleNeg_P14_S74-batch2,DoubleNeg,4092,batch2,14964.064
DoubleNeg_P14_S75-batch2,DoubleNeg,3784,batch2,13964.184
DoubleNeg_P14_S76-batch2,DoubleNeg,3850,batch2,14234.602
DoubleNeg_P14_S77-batch2,DoubleNeg,4348,batch2,15443.689
DoubleNeg_P14_S78-batch2,DoubleNeg,4147,batch2,14882.23
DoubleNeg_P14_S79-batch2,DoubleNeg,4425,batch2,15076.759
DoubleNeg_P14_S80-batch2,DoubleNeg,3684,batch2,14075.547
DoubleNeg_P14_S81-batch2,DoubleNeg,4010,batch2,14993.949
DoubleNeg_P14_S82-batch2,DoubleNeg,3299,batch2,13317.124
DoubleNeg_P14_S83-batch2,DoubleNeg,4332,batch2,15889.364
DoubleNeg_P14_S84-batch2,DoubleNeg,4145,batch2,15476.053
DoubleNeg_P14_S85-batch2,DoubleNeg,4182,batch2,15428.194
DoubleNeg_P14_S86-batch2,DoubleNeg,4573,batch2,15032.836
DoubleNeg_P14_S87-batch2,DoubleNeg,4973,batch2,16487.434
DoubleNeg_P14_S88-batch2,DoubleNeg,4069,batch2,14077.438
DoubleNeg_P14_S89-batch2,DoubleNeg,3711,batch2,14183.034
DoubleNeg_P14_S90-batch2,DoubleNeg,4231,batch2,15114.605
DoubleNeg_P14_S91-batch2,DoubleNeg,3599,batch2,12793.824
DoubleNeg_P14_S92-batch2,DoubleNeg,4269,batch2,15089.756
DoubleNeg_P14_S93-batch2,DoubleNeg,4781,batch2,16319.459
DoubleNeg_P14_S94-batch2,DoubleNeg,4532,batch2,16230.525
DoubleNeg_P14_S95-batch2,DoubleNeg,5025,batch2,16094.516
DoubleNeg_P3_S10-batch2,DoubleNeg,4003,batch2,14393.354
DoubleNeg_P3_S12-batch2,DoubleNeg,3541,batch2,11861.322
DoubleNeg_P3_S13-batch2,DoubleNeg,4441,batch2,14712.657
DoubleNeg_P3_S14-batch2,DoubleNeg,4348,batch2,14410.576
DoubleNeg_P3_S15-batch2,DoubleNeg,4072,batch2,13112.69
DoubleNeg_P3_S16-batch2,DoubleNeg,3976,batch2,14566.025
DoubleNeg_P3_S17-batch2,DoubleNeg,4198,batch2,14422.692
DoubleNeg_P3_S18-batch2,DoubleNeg,3551,batch2,12760.47
DoubleNeg_P3_S19-batch2,DoubleNeg,3791,batch2,14069.752
DoubleNeg_P3_S1-batch2,DoubleNeg,3911,batch2,14316.971
DoubleNeg_P3_S20-batch2,DoubleNeg,4479,batch2,15393.532
DoubleNeg_P3_S21-batch2,DoubleNeg,4582,batch2,14736.003
DoubleNeg_P3_S22-batch2,DoubleNeg,4149,batch2,14232.707
DoubleNeg_P3_S23-batch2,DoubleNeg,4154,batch2,14546.748
DoubleNeg_P3_S24-batch2,DoubleNeg,4193,batch2,14510.391
DoubleNeg_P3_S2-batch2,DoubleNeg,3300,batch2,13259.335
DoubleNeg_P3_S3-batch2,DoubleNeg,3798,batch2,14513.378
DoubleNeg_P3_S4-batch2,DoubleNeg,3914,batch2,14671.63
DoubleNeg_P3_S5-batch2,DoubleNeg,4107,batch2,14761.491
DoubleNeg_P3_S7-batch2,DoubleNeg,3915,batch2,14629.716
DoubleNeg_P3_S8-batch2,DoubleNeg,3850,batch2,14312.418
DoubleNeg_P3_S9-batch2,DoubleNeg,4087,batch2,14592.76
DoubleNeg_P4_S25-batch2,DoubleNeg,4090,batch2,14036.988
DoubleNeg_P4_S26-batch2,DoubleNeg,4167,batch2,14768.403
DoubleNeg_P4_S27-batch2,DoubleNeg,3409,batch2,12044.133
DoubleNeg_P4_S28-batch2,DoubleNeg,4564,batch2,16026.18
DoubleNeg_P4_S29-batch2,DoubleNeg,3160,batch2,11281.385
DoubleNeg_P4_S30-batch2,DoubleNeg,3841,batch2,13569.162
DoubleNeg_P4_S31-batch2,DoubleNeg,4185,batch2,14878.125
DoubleNeg_P4_S32-batch2,DoubleNeg,4319,batch2,14803.164
DoubleNeg_P4_S33-batch2,DoubleNeg,3378,batch2,12316.362
DoubleNeg_P4_S34-batch2,DoubleNeg,4157,batch2,14868.055
DoubleNeg_P4_S35-batch2,DoubleNeg,3480,batch2,12477.299
DoubleNeg_P4_S36-batch2,DoubleNeg,3538,batch2,12795.914
DoubleNeg_P4_S37-batch2,DoubleNeg,4129,batch2,13433.668
DoubleNeg_P4_S38-batch2,DoubleNeg,4074,batch2,14225.723
DoubleNeg_P4_S39-batch2,DoubleNeg,4574,batch2,14857.867
DoubleNeg_P4_S40-batch2,DoubleNeg,4195,batch2,14629.171
DoubleNeg_P4_S41-batch2,DoubleNeg,4064,batch2,14135.085
DoubleNeg_P4_S42-batch2,DoubleNeg,3351,batch2,12984.013
DoubleNeg_P4_S43-batch2,DoubleNeg,4625,batch2,14992.409
DoubleNeg_P4_S44-batch2,DoubleNeg,4134,batch2,12871.889
DoubleNeg_P4_S45-batch2,DoubleNeg,4341,batch2,14862.819
DoubleNeg_P4_S46-batch2,DoubleNeg,4276,batch2,14517.713
DoubleNeg_P4_S47-batch2,DoubleNeg,3535,batch2,12973.667
DoubleNeg_P4_S48-batch2,DoubleNeg,4721,batch2,15344.552
CD1C_P13_S49-batch2,CD1C,4705,batch2,14745.762
CD1C_P13_S50-batch2,CD1C,5294,batch2,17332.836
CD1C_P13_S51-batch2,CD1C,4321,batch2,13470.72
CD1C_P13_S52-batch2,CD1C,4329,batch2,14137.223
CD1C_P13_S53-batch2,CD1C,4786,batch2,15269.617
CD1C_P13_S54-batch2,CD1C,4009,batch2,14443.174
CD1C_P13_S55-batch2,CD1C,3866,batch2,12188.88
CD1C_P13_S56-batch2,CD1C,4255,batch2,14120.175
CD1C_P13_S57-batch2,CD1C,4970,batch2,15742.872
CD1C_P13_S58-batch2,CD1C,4955,batch2,15888.871
CD1C_P13_S59-batch2,CD1C,5382,batch2,16286.776
CD1C_P13_S60-batch2,CD1C,4946,batch2,15253.721
CD1C_P13_S61-batch2,CD1C,9766,batch2,28201.504
CD1C_P13_S62-batch2,CD1C,4580,batch2,15243.859
CD1C_P13_S63-batch2,CD1C,5267,batch2,16715.488
CD1C_P13_S64-batch2,CD1C,4382,batch2,15180.793
CD1C_P13_S65-batch2,CD1C,4799,batch2,16076.532
CD1C_P13_S66-batch2,CD1C,4170,batch2,14695.125
CD1C_P13_S67-batch2,CD1C,4237,batch2,14245.828
CD1C_P13_S68-batch2,CD1C,4599,batch2,13939.65
CD1C_P13_S69-batch2,CD1C,5066,batch2,15946.814
CD1C_P13_S70-batch2,CD1C,3436,batch2,13727.339
CD1C_P13_S71-batch2,CD1C,4924,batch2,15046.98
CD1C_P13_S72-batch2,CD1C,4689,batch2,14694.105
CD1C_P14_S73-batch2,CD1C,4651,batch2,15858.499
CD1C_P14_S74-batch2,CD1C,3875,batch2,14640.59
CD1C_P14_S75-batch2,CD1C,4240,batch2,14752.9375
CD1C_P14_S76-batch2,CD1C,4402,batch2,15184.98
CD1C_P14_S77-batch2,CD1C,4321,batch2,15041.85
CD1C_P14_S78-batch2,CD1C,3204,batch2,12846.082
CD1C_P14_S79-batch2,CD1C,4900,batch2,16381.4795
CD1C_P14_S80-batch2,CD1C,4073,batch2,14909.227
CD1C_P14_S81-batch2,CD1C,4439,batch2,15499.859
CD1C_P14_S82-batch2,CD1C,4469,batch2,15333.085
CD1C_P14_S83-batch2,CD1C,4035,batch2,14083.341
CD1C_P14_S84-batch2,CD1C,4191,batch2,14623.335
CD1C_P14_S85-batch2,CD1C,9561,batch2,24444.379
CD1C_P14_S86-batch2,CD1C,5297,batch2,17227.562
CD1C_P14_S87-batch2,CD1C,4583,batch2,14378.458
CD1C_P14_S88-batch2,CD1C,4904,batch2,16203.727
CD1C_P14_S89-batch2,CD1C,4567,batch2,14915.219
CD1C_P14_S90-batch2,CD1C,4230,batch2,14545.262
CD1C_P14_S91-batch2,CD1C,3880,batch2,14080.436
CD1C_P14_S92-batch2,CD1C,3979,batch2,13820.282
CD1C_P14_S93-batch2,CD1C,4600,batch2,15987.111
CD1C_P14_S94-batch2,CD1C,3952,batch2,14506.613
CD1C_P14_S95-batch2,CD1C,4183,batch2,14766.846
CD1C_P14_S96-batch2,CD1C,4580,batch2,15405.587
CD1C_P3_S10-batch2,CD1C,4227,batch2,14819.357
CD1C_P3_S11-batch2,CD1C,3758,batch2,14365.546
CD1C_P3_S12-batch2,CD1C,4129,batch2,14259.314
CD1C_P3_S13-batch2,CD1C,7526,batch2,21409.014
CD1C_P3_S14-batch2,CD1C,4255,batch2,14543.158
CD1C_P3_S15-batch2,CD1C,4304,batch2,14732.389
CD1C_P3_S16-batch2,CD1C,4043,batch2,14138.491
CD1C_P3_S17-batch2,CD1C,4314,batch2,15554.68
CD1C_P3_S18-batch2,CD1C,4193,batch2,15509.475
CD1C_P3_S19-batch2,CD1C,4047,batch2,15366.381
CD1C_P3_S1-batch2,CD1C,3678,batch2,13778.398
CD1C_P3_S20-batch2,CD1C,3852,batch2,14528.313
CD1C_P3_S21-batch2,CD1C,3468,batch2,13145.001
CD1C_P3_S22-batch2,CD1C,4035,batch2,15059.268
CD1C_P3_S23-batch2,CD1C,4513,batch2,16022.466
CD1C_P3_S24-batch2,CD1C,3692,batch2,13584.563
CD1C_P3_S2-batch2,CD1C,4305,batch2,14240.428
CD1C_P3_S3-batch2,CD1C,4261,batch2,14880.671
CD1C_P3_S4-batch2,CD1C,4159,batch2,14614.593
CD1C_P3_S5-batch2,CD1C,4264,batch2,15642.1045
CD1C_P3_S6-batch2,CD1C,4055,batch2,14819.614
CD1C_P3_S7-batch2,CD1C,3671,batch2,14084.105
CD1C_P3_S8-batch2,CD1C,3980,batch2,14032.615
CD1C_P4_S25-batch2,CD1C,4798,batch2,15968.815
CD1C_P4_S26-batch2,CD1C,4832,batch2,15815.776
CD1C_P4_S27-batch2,CD1C,4233,batch2,14450.547
CD1C_P4_S28-batch2,CD1C,3929,batch2,13719.657
CD1C_P4_S29-batch2,CD1C,3738,batch2,13126.399
CD1C_P4_S30-batch2,CD1C,4482,batch2,15657.555
CD1C_P4_S31-batch2,CD1C,3771,batch2,13431.206
CD1C_P4_S32-batch2,CD1C,4377,batch2,14614.919
CD1C_P4_S34-batch2,CD1C,4337,batch2,14493.617
CD1C_P4_S35-batch2,CD1C,4480,batch2,15153.424
CD1C_P4_S36-batch2,CD1C,4406,batch2,14687.828
CD1C_P4_S37-batch2,CD1C,8473,batch2,21011.318
CD1C_P4_S38-batch2,CD1C,4235,batch2,14881.631
CD1C_P4_S39-batch2,CD1C,4429,batch2,14713.753
CD1C_P4_S40-batch2,CD1C,4455,batch2,14901.012
CD1C_P4_S41-batch2,CD1C,4239,batch2,15018.926
CD1C_P4_S42-batch2,CD1C,3840,batch2,13621.369
CD1C_P4_S43-batch2,CD1C,4237,batch2,14629.889
CD1C_P4_S44-batch2,CD1C,4284,batch2,14805.982
CD1C_P4_S45-batch2,CD1C,3664,batch2,13278.623
CD1C_P4_S46-batch2,CD1C,3555,batch2,12758.11
CD1C_P4_S47-batch2,CD1C,4179,batch2,14215.403
CD1C_P4_S48-batch2,CD1C,4053,batch2,13934.538
